{
  "n_episodes": 50,
  "horizon": 200,
  "seed": 42,
  "methods": {
    "Baseline GBP": {
      "success_rate": 0.22,
      "avg_distance": 1.3070960974693298,
      "avg_wm_error": 0.0,
      "avg_time": 5.799121165275574
    },
    "Online GBP": {
      "success_rate": 0.38,
      "avg_distance": 1.1247250097990036,
      "avg_wm_error": 0.0,
      "avg_time": 5.721972851753235
    },
    "Adversarial GBP": {
      "success_rate": 0.0,
      "avg_distance": 3.2130874156951905,
      "avg_wm_error": 0.0,
      "avg_time": 5.465216150283814
    },
    "Combined GBP": {
      "success_rate": 0.0,
      "avg_distance": 2.1552915740013123,
      "avg_wm_error": 0.0,
      "avg_time": 5.778030548095703
    },
    "CEM": {
      "success_rate": 0.48,
      "avg_distance": 0.9823065501451492,
      "avg_wm_error": 0.0,
      "avg_time": 13.243586869239808
    }
  }
}